user_id,index
AE26QJAXLZIQC4UNFKQFA4M2A3VA,6
AE274ELTNGUU6B3ZF7HUUJARXUIQ,7
AE2E2EBMC32XMPHHYTQBXU4MXCNA,8
AE2FAN53WPSSI2FX5FZARVARNW7A,9
AE2L2ZANFROKQNWQLYRRKVQGNNXQ,10
AE2R3FV5KOK6LOAICJECTGFJDTOA,11
AE2TTBZREQEJSAR66SYRJ3AIFFRA,12
AE2U4ZJRWRGZ64QWXDZHIKCTFL5A,13
AE2VIMKO7UFYDUU4LH46JLON3DMQ,14
AE2Y5D4FLCCETYUFI6X3TCZIQUKQ,15
AE34GGE732MBYEO4MPLIB6EURXWA,16
AE35IIOXC4U3KTNBGCI62IKWH7LA,17
AE35TLIOEQYTMHG3SMHJALBLBCWQ,18
AE3DD6P57YI3H4UQAJOE54XV6BKQ,19
AE3JWC6SJ77SJLUXOYQQQRV4QDBA,20
AE3KLVXGZPANXE5XLXYKHTVAZ3FQ,21
AE3L4WCBGDLTFIWLGW42UHGPA4LA,22
AE3N3AA5MS5JRPFNPJ6XFMHGGPFQ,23
AE3QBHORIX77P4VSY56UGRH7JHKA,24
AE3SC6GF7EL2FAPD7IDBX3UFWFTA,25
AE3UONEC4GJTAA6KSQEAGSRMQGIA,26
AE3XNEI6H5A4KNEYCB4SKMWY3GLA,27
AE3YJE3MCP3FQ2D7JXCJPFB6EZGQ,28
AE4AFL25SR44YALDXP74O6QA22SQ,29
AE4BOU47ZOUPUUKTA24NSA6KWGMA,30
AE4JXOON7PN6D4FUSSIPEWMAPQJQ,31
AE4NEZYB573PRVIOB35NFYSOVMMQ,32
AE4PXZYKKJVHEXXTOUL76QVA5PJQ,33
AE4QWQZ4OXTWI7OAFHVF6G7Z42QA,34
AE4SBEJSCJAWM7CRKJDBQF3O7RGA,35
AE4TASJ7KHASOPSLU3KRXVLDLZVA,36
AE4WM6BGRN4EPDDG5G24X2NJISXQ,37
AE52IYSQ7LZYFQ6K6NVC6BVIGMAQ,38
AE55LYDECLIDZCDDTENKKOX3224Q,39
AE56GX7TQESYOM7MV3HMJOMMNOZA,40
AE577HQYFCD3BJGWGPQVFY3E4XUQ,41
AE5A5YSLZJ6WTFWWYSHLNXL2T7EA,42
AE5CXHJTPWY4NF2IIH2N5HQBYBJA,43
AE5XBEIWYHJXUUMZ5UR5S47XHB2A,44
AE5ZJJC4KCQYDX6P25EGYEV4POZQ,45
AE62DJ2TPTDLPBPXVPKO7MDMOQKQ,46
AE6BFDOV2B7BXRRXRWOF4FGEJXHA,47
AE6I5KFJ2EJNRBBV7NWURRU2X6UQ_1,48
AE6JIN5MWLVWFXER52UBN2PO5K6Q,49
AE6QGBNEUFEEOYV6O56J53CNCVUQ,50
AE6VCXVGXPYIS3HK5PBKGGZVWGNQ,51
AE6WCA62CVJJFLCNYE33WVXQRTQQ,52
AE6YSS7SPWQ4VT5TADH2TIJCDQHQ,53
AE6Z4J2QX7XEJZSSYR4UMJB7ZDDQ,54
AE74FEQQDJIX3AJ5HNV5ZUNMQLAQ,55
AE76RAU7PHSENKNO6KYD3WZMDBWA,56
AE7FXQYDLUOBP75THEFEPSCWKRJQ,57
AE7GQ4RC3US7RLIJV3UKKXX2OVSA,58
AE7H5DZ7WT2GJTMDTO4CYCUPQFRQ,59
AE7LP42XD2HIIOLCQW5PKTEACNXQ,60
AE7N64ZVLEP67WVUVOPRGTQQYTVA,61
AE7PTCW7PBAYTJAO4F5QMUZ2GODA,62
AE7WDJBLIDV4PZNMNQ6E2ASAVUHQ,63
AE7X5DJCXD2ODCKN5SV2KJ5C446Q,64
AE7YXPG6FB4BBN4K5V6GFD6TXT2A,65
AEA45B3KT25O2RMY76VRW2D67AXA,66
AEA4ME6OZ73YJCPUORALCOWUGHKA,67
AEA546VFX2UPDIH5RTSQH6YL5SJQ,68
AEAAVQJGHD4CH76YWPNQSODD67DQ,69
AEAEB25YC6CS7TKQ7EK5GKHJOBAA,70
AEAERIYQBAMPRZRNZW2FQ2W2YOPA,71
AEAFTXDBRQ2EDWDN2WPYPD5GLECA,72
AEAJJDUKXXNYD6L46722GTGJICOA,73
AEALWNPUTHDWCDBTITDOD5GQFWZQ,74
AEAMMXRY4KM5ROTH5OSMINCVYJ4Q,75
AEANNKL4MKSYHVUFOIUUFDBSP64A,76
AEAPIJV6WQX7A2I66DUBASGIIXEQ,77
AEAQ2JYKXKBZAQFEVORRL7ACFBOQ,78
AEARJZV6KJAHEZGF55KQGKDLKV4A,79
AEAW7TGDBNBX4HCIZRDT2FARD5SQ,80
AEAWV47ERI7KNZ7B7KN2P773G7DQ,81
AEAXAJACFMXIAAH4WOHRMXPSZWFA,82
AEAZSFHKEWYCOXNGQDH5FE4ZFABQ,83
AEB2KGGJANOW27FHME4SJ3IIFGIA,84
AEBA2FY6PGWI2ZSGJIEKF7LCGDYQ,85
AEBAHUJDPWI7FGLWQ2S4V3HXL2DA,86
AEBAJXG76MLALGZHD36HUW2FGLYA,87
AEBH7YDWK34W6PETJUX24ZDUARUQ,88
AEBMYLJ6GOXCVJ2PP2LDB6ZLFGNA,89
AEBUUO3HEBJT2TTS3F4T6JDTODLA,90
AEBV2MQKLIF4QAZMRRLAMMQIBQFA,91
AEBXVZKUFNKAB7VD3U2BOKXDL6FQ,92
AEC2AGVYPP4PFDEPVVDYPCQCLEXA,93
AEC446LPSFJFTO35K7YHALQ2JMFQ,94
AEC5IGE6YW5F2AWAMDONCOFQF2IA,95
AEC6IZVI2NGFBCIYVD4X5MDGB6DQ_2,96
AEC75WKIIIK4LDQFKNOKWNFZUYJA,97
AEC7AVJEPIBCXHOEDQ36TDTLNUYA,98
AEC7PELQ65SN7C7R3JBLZMLWOBXQ,99
AECHA7OXTZLRETXABDGFEDJ56QNQ,100
AECHES7YQXQUNNGWIGKTT3RUI5DA,101
AECHMIATJIDUA6FJAC3QQQFEVGFQ,102
AECMBFXDJHHNGEBXIOVY5M3V2PKA,103
AECVHWWNIRV25VBB5BT7HTQSMNGQ,104
AECVYMOFX553TQI2CO3G2LASVGEA,105
AED6PMPZUFL3T6RGOHAPGVQSHX6Q,106
AEDFI5TTX3VGKE7DOOVWBNIRBAAA,107
AEDGK5F7OLLWCHEZBSQWER4LOKBQ,108
AEDGPR4Y5T5IN4BWF7MP5NZHSDCQ,109
AEDHBACMD3JCJM2SXQNPQLTS4ELQ,110
AEDHZKROJUT6VC7DQKUEREM6S6LQ,111
AEDI7P4VXIBD6DUSBHSF4RPDU4FA,112
AEDZGENHFFMBD34V2PXLB2VKSG3Q,113
AEE3F64H763RFOUBDEYFRBKU6FWA,114
AEE4576MZ2LPGKCCHUX5PKQBPUHQ,115
AEE5X3U5SEWYZIFHUOT5MQUVPG3A,116
AEE62ZCE4OTDJVLGWRODBKLLSDOA,117
AEEBKNRMIEFUUHLOCMG57FCLTQEA,118
AEEFIPUYKXKC5TJTFNKBIWOXFT3A,119
AEEFTVVAPDL3NHV3GRAI2XXXJVDQ,120
AEEW6MGL6IGLVXCUQQVYS277RSFQ,121
AEEWLLYP6CHVTYPELCQ4SDVGN3OQ,122
AEEYDDE6RPPR5KIY2U2ZJBC5NS4A,123
AEF3DA37WOQK4J3V7PT4KSNMXW6A,124
AEF4A5PLYVU67SYR67JR3227YS4A,125
AEF5TOMSLTYO5TPZ2RA5JYQOSPSA,126
AEFMG4VCQCHHYRQVQIZWH7HG5XGQ,127
AEFSQTEWTAUF4CVE6CJLJUMNLPGQ,128
AEG27Q3FO6Y7HRU52QC4VVV6ZH6A,129
AEG5OJGFXN3NFPFVXNEKVLKPMRRQ,130
AEGKJTQWHGBIOTO34OB3GKIGCN7A,131
AEGNIULFJHPUOVX3Q5VCC65ZYQHA,132
AEGOXSSH5XUWXCJOCV7ODSSX5EGQ,133
AEGRXXYGA6ASTLK5QNDPTA4YXPBQ,134
AEGSMD4V4Z6MRE525WYOFDK632XQ,135
AEGTVSVUW5JMKATCO2WRQFRPGM4Q,136
AEGYJ3HXGB5ZCQNOMOEPNTEQVMFA,137
AEGYU6OM2X66SMZN6AF3TSQ3N5PQ,138
AEGZSPOEFGEEXIKTIPZ62HCJJILA,139
AEH3T2K3ZMFVFXSVNPA6YZ6IEKAQ,140
AEH4ELGIBHQVXJY4BL2MFGXG5Y6Q,141
AEH7DSU6S5S37ANRIAVAW45UY5MA,142
AEHEI6YTZOXUJIULL4HN3RLVPXUA,143
AEHH56A5XTD5KDP3LS732RGEVY5A,144
AEHJA7SBZOTL6OEBJFWC6E57ZFFQ,145
AEHKGSPP62RETRN7ROZUA26NDA2Q,146
AEHLKQLA7LWUM3PTIBVMO4BHFGCQ,147
AEHP6BCYDPEYMINE7DLI6WRHBLGQ,148
AEHTGKAFTFRS55B4IJLGRULGNOEA,149
AEHYYI74GYMEBQNXLUEZOPCKD7UQ,150
AEI4CUELADFGY4DTI22EY5YXJF3A,151
AEI4DEBHZACDBH45VC3TEZGFMYEA,152
AEI4WS663J6YHVSKJB3SVDLB4LMQ,153
AEI7FOAS26ZMKULDNHPXMGPKM24Q,154
AEICZG2V3YF2VEFTGWPCVYBML5PA,155
AEIFSPYSPPCWDY5JVFAY63SX4OLA,156
AEIIRIHLIYKQGI7ZOCIJTRDF5NPQ,157
AEIIRIHLIYKQGI7ZOCIJTRDF5NPQ_2_1,158
AEIIRIHLIYKQGI7ZOCIJTRDF5NPQ_2_2_2_1,159
AEIKNAMY4UBVESKLUPL2ODBNGUMA,160
AEIMDEVBGC3YSXJG5EKD3OURFO4Q,161
AEIOG27QGV3Q3FARZC32UGKHT76A,162
AEIPJBAN7A55Q5DFFPZSR2UV3OKA,163
AEIZHEITXKVXS4RT3CSD77UTLAPQ,164
AEJ2CBEDT6PMUY4R7NKOVJXQXLDQ,165
AEJ4BN2VNB6PF6CNPXBFCC5AGSLQ,166
AEJ7P4MTBTJLPBNCBWAGKVAROFCQ,167
AEJ7Y42XFK4WVCLP3YJC3ARUGUHQ,168
AEJEZ6SCSZSR5UFXFRLGUS424SPQ,169
AEJF2PIMZVQFBKTBXQQGWFKGX3KQ,170
AEJK3LC6VQGNKRWB7ESA76UCG3HQ,171
AEJPWILNEOCW3RB4GATQC7ZGNYPQ,172
AEJU3Z6HDAERETMYI2CXBQVPPDFA,173
AEJVYD65WSTWSUQDXLMGVZCJI4AA,174
AEJZBBUBKHXOFH3IX66ABBTF3XAQ,175
AEK3KYR37ZRFW5F4J4JM4P5BMQZA,176
AEK4SVD6ZCBBR5NAGSCAOUX5SANA,177
AEK5BV6MJBPRZZUWKTT4KBRR7DZA,178
AEKBA2QZJQE25BSJMEAFNXCFP3AQ,179
AEKCJL62YWQCCXBQ5PLU55QI3XVQ,180
AEKJQLMPWARYDWN4BQXBCPML2VWQ,181
AEKMOOO4KWY3MG4M2CXWFQQ7Q5CA,182
AEKN6UAMKXZ7GS5WKTURQJQITCSQ,183
AEKNGMESSFVMT3F57ZB64GPCJ65A,184
AEKV4Q3JUQTQA2UR7PH7QLUHUTTQ,185
AEKVZCIWHS44MWX6NI7R2VR44ULA,186
AEKWVK6DKHGJO7G7YLNTHOQCMFQQ,187
AEKXFIOI7QUUSNY56EKSCWKWZN3Q,188
AEL3ZMA2ALT3DNOC3WPKQDSXHDRQ,189
AEL7CAM4Q2UCOH2VLBLFLTDLXZIA,190
AELCHJO64W7III5PDR7RURIJV5CA,191
AELHE5SAS5S2R5BSG3MTHCUYC2ZQ,192
AELM2AKJPVZT4BNQW4KCIVOXTTEA,193
AELMU27UGNRSKEOIIIO2S23TO5UA,194
AELNBRP2ATA4HGKEA5CT4FRA5RIQ,195
AELNLKI3M2JS2BAYI33JYUVXZ7VA,196
AELO4XJHLKURYW4VTO5HNZVQGWYQ,197
AELQ3FNZGGZ3HJD5RLM4ETJDWEGA,198
AELRGAHYW4A2D3SBGP3FAWJENQJA,199
AELUP4UWTA7BFE5GBRLUGPGXWXJA,200
AELWHCMXAZSW4AXRX57OCUOEUZEA,201
AELXIVGFZLJGH7YEIRDYTV7EDVIA,202
AEM27OQ472ICUBT7PIXA4OEGZ3CA,203
AEMBBCIWIFFDWJDISUNCL7NF4DKA,204
AEMH2Z4KTRAQM6GIO6N6KK26Z3KA,205
AEMPESRNRPR7HYJHQS4PPAOO55CQ,206
AEMT4Q3OEWSJWLOWNPGL6JLI7IIA,207
AEMWGANLODHXK6LYBVQOABAVHZHA,208
AEMWXVHXOPML4TDCQ27HDWSCBWMA,209
AEMX4AWMCQ5XOMO3RNXY4Q2IQDSA,210
AEMXYQLLAKDDTPYLU74DGPB6KJXA,211
AEMYCPHRZDJD2OPRHYSBNNQKG6FA,212
AEN2WH5WYKIJFO57R2KUNDDSJAAQ,213
AEN2WWSD6YGPFVEWMESZ2MNFTUNA,214
AENAI6ANQ7I37QNCKKQOJHF5WTIA,215
AENALXICBEUWDJG6U2GYCGEVM3OQ,216
AENE4O4RTVRK6N2VUTSUGTPKS46A,217
AENFBO6OFAGVDTNVUBIE6OLTK3SA,218
AENIHTHU2TO7IWI7VZ6VC67UOGSA,219
AENN4MI37KPH3OGLOLFGHL3KDSWA,220
AENN6JTJWGJGOJ4BQQ3WJ5MXQZVQ,221
AENOAE33N2B5WH3VNSBSZOVBM6JA,222
AENUBOJ2OPVAQK5ZQH2BT2YVRVQA,223
AENYKWUA5XK7TNLEI76CY5PNEE2A,224
AENZG3TRWVOTKWOPCZ2WTHWCM5IA,225
AEO2VNOT5LNZJ5ROFECRFQWPD6JA,226
AEO3YT4GXZKPJOTRSBKI26FV2V4Q,227
AEO5YVWBOENMVFXVP64GWA7LW3YQ,228
AEOJ3KQZ74QK2IHEN6DXQOTYOIRQ,229
AEOK4TQIKGO23SJKZ6PW4FETNNDA_1,230
AEOKAEDVIQJF4BORVSOVIUEUTWDQ,231
AEOKDV5K27YDTACP5A5VUW4IE7YQ,232
AEOKN4NYJ7BQU7LTSFEPNQ37TWGA,233
AEOTWG667CGEIHYH33COIX53Y25Q,234
AEP2ZOV6ICGRQ2SBL4MJK2VMRH5A,235
AEP4CUO23WOOOEYSJBXWYLLHD5IQ,236
AEPBYORF6TKTQHTECACNQG2NI4RQ,237
AEPCVLMRBELDRCV6RKIKBY3QGWIQ,238
AEPEDW5FBBJ2XYR2BIJAKUPHCMHA,239
AEPEKMEVHQWP2QY47XEUYV65EB5A,240
AEPGY43YUINEF5WKFVIAWBSCRGUA,241
AEPJ3XGFU6UU57BYAWSNKC4NIDBA,242
AEPNELGIQKMONCSNEK632GOGJOZA,243
AEPPD6IP2ALY6PB7KNDXGQ3S5U2A,244
AEPPP23YJXPDNLZSG6RBOPTQC3HQ,245
AEPWJEMM6XX327M767GYSNXS6SOQ,246
AEPWQWEEWVP7K3HYW5W5DS2ZKOWA,247
AEPYM5H4JCQDJSNC2SHN4CDUTFWQ,248
AEPZHSISWILHHGZIDHLTFZQ2T3XQ,249
AEQ2GUD6OYIIUCEITHTTTTK3LHSA,250
AEQ4MBPE3G4YPOE7ZCD6APKTWDTA,251
AEQAKXPSBZY4YBVSRLTPUS2YBMWA,252
AEQBONEIOSRPUXGVT7PWLQSFOBMA,253
AEQE5OUZDBPQLAPHOBJ4DZ24CFVA,254
AEQLE2UFW44ISYPYTIRXBUBBTKDA,255
AEQQZCZFBN5PY5HUUHZP2FLGM7VQ,256
AEQTDDOOOLYJGPNXTT4XBUX2ZI3A,257
AER7VBVBRA6ORBLTZMLLIQBC3IDQ,258
AERDAFSDZOZJVJMYINUEAZIS7QZQ,259
AERRWYU2TFQ3Z2INNXKAXZFZUBTQ,260
AERRYLYZ5UNERKLNHYM625ZXMVQQ,261
AERSMKGBXR3XEEE4Y47BSRUF5TGQ,262
AERV5PL7GR2B7MKXQBAHVKFLZYVQ,263
AERWL7OGSQ4LKZQDVJHCZNIJ4UCQ,264
AERYJYLFMSIHCFY272ORVYP46EDA,265
AERZFJ3UDWJFXAOJ7F6AXKLO35FQ,266
AERZILC2L2XQ4VZTCQZDB2NEW64Q,267
AES3BMVSFRXPNTV24X7OH6HV3FKA,268
AES4SQEOWA6GCIUKPFLDRUS4NY5Q,269
AES6REF4BNSENR6DTPAGY4B76MHA,270
AESCG5FZWECQUAYXEB7J52HTM5UA,271
AESDHNY6IPD2JVHQMHX6NWAMCWNQ,272
AESE344WCGXWHIPWYFZIWYNOT5FQ,273
AESGBV6QPIQPQ7RCA3RC66W54U5Q,274
AESH56MDIJKMDKZYKPDCEQPDBZ6A,275
AESHKPDUC4SRB5GHMGGZEUVLDKHA,276
AESJSSD7MMFPA5SW4KXYMLKDYMOA,277
AET3EW57O2PCD2AWNFD2UD33WPEA,278
AET6LHAUAPK6US6GRMIUPLRRZT6A,279
AET75NGG3ZIGE335RMCC2BQEQSDA,280
AETD4B3NZCZICXNC7LY7UZ5RUWFQ,281
AETJVSLQFY2F7D5AZ7H4ONORPQEQ_1,282
AETJXKWRH3V753WROTXYCBQ77UGQ,283
AETMNO4C3HGPIDBCWPL2Z5MDVTHQ,284
AETQST5NFZKFDDCKT5NOXOFXNWJA,285
AETSETYAP33DEBJLAJM6PT2ISRHA,286
AETUBXD5T5BUC62VCVGC6OANVMSA,287
AETUT3WJ2ZIC6TA2N723YPBK6BIQ,288
AETXVRADBT6BRQFMVSKTSWF7WMDA,289
AETYITTFXPZ4PE4CTJDGDO67RNZQ,290
AEU377ZSUJGXBPAWDZAZIJIAEGVQ,291
AEU3EICJGV7FHTE44OEVFEAKKJXQ,292
AEU3QNNVHFW66VOZKBNJFVKLONZQ,293
AEU3UBN7FTH7HVEA4FT5SOTC754A,294
AEU5YI4ASWI7X7WZVDX6SVG56RTA,295
AEUBBNVSJGIM76SRPKLNPCSNCN2Q,296
AEUDGVWYCOTH4LQD4YLABJEV6EOQ,297
AEUGHLGJGQTMSDTJBAASZ66KDG6A,298
AEUIVFNQVB6YCG3NN6MFVR62K2JA,299
AEUJMAZASZM6KJJMJETVL25LO2UQ,300
AEULRYA6Z6D6D55A2ZUQH2CZ554Q,301
AEURGLIG34V7N4FBD2PHZMPTTL5Q,302
AEURLBV4M7KVELVPCTVS3NIB7X6A,303
AEUUVU2UWWXURP2ZQHZFA2BD62NA,304
AEUY4LLJNMDUQKT5FU4A4FDNGOZA,305
AEUYBLIYQRSGVZMHIRECEK7WL4VQ,306
AEUZWWKZATJSOZYQ4B4LT5EDFNLA,307
AEV66FG7T7TY2MI6C7FWALZV2BKA,308
AEVAD65EQXX5LS2DOXGPAUX4JJ6A,309
AEVCUN2WCTDTP5WFZF4KYJBYLYWA,310
AEVDTZWVQLSEA7DF2LA2YPENDMGQ,311
AEVFMUEWT4HZUSAA43TX3EKZFZPQ,312
AEVHKUG4MXISWGQAY6YJROC3O5YQ,313
AEVKSDMBQ23DVB4JRR5Q4ZPUPASQ,314
AEVU5JFANLN64E2Q5237KTBEGNKA,315
AEVVEYZF4MQDPC2BY2HBBNGZRYHA,316
AEVVQH7VM5NFEL47GIXSMP5KVH4Q,317
AEW5QCZDVLSOSFXPVXW74X6SKUMA,318
AEWA73ZOFSME3SMC6WKEDTKMDGHQ,319
AEWDLFI4RMNLODW7VMSQROAESJJA,320
AEWJM6DRI3L7QNGPH3O67ZSTCGXQ,321
AEWL5AGIA2VMHSRN2R46JG27HC7Q,322
AEWRWF7JQPQORRTSNPVVG4J4K6DQ,323
AEWW6CZY34ISBVCRAND6CGS25TTA,324
AEWX53MX3P2KYAVKZVUG6KKVNLWA,325
AEXD65YXCDGQJZ54HCYPC46NXPWA,326
AEXNJEPE7OTX5YPJPIHOK7VVE4EQ,327
AEXSXQJP7MURR2EN7H5O2Q7SLZFA,328
AEXV644ANJNKG6DU53OFJXDHM5QQ,329
AEXX7CEHGXHPKKA63HPYS3JR53EQ,330
AEY4S6CX2FKJYEO62CD5KIWR77BA,331
AEY5R4VF54TJG7IHB2CO46OKPCVQ,332
AEYDL5DL5QIRSGYGVZL5P4XXEM2A,333
AEYKTZXAWOPJG5MGGMKBLRJR6Q3A_2,334
AEYM6TWV2VEOVFZCTSP27DYB7AQA,335
AEYRTPSXGBCWCEINJI2J5QDB563A,336
AEYTTZYUAJ6AE3AVE27IF5B3ROZQ,337
AEYVPPWR4CIKWX4BGYKCBCDL2CZQ,338
AEYVWRWYX6BH3LUGCUZ2PVCIG4XA,339
AEYXFRGDTNJXTWJE7KNKWFT2RIAQ,340
AEYZ5P2S6JRYFFLP4KBE6A67DVCA,341
AEZ7RAODEIDTRY3Y6X7G2IJ3SNRQ,342
AEZGGDKCIVNXHMK7P2MPDSBOEPXA,343
AEZGNT5N2SOIVOO7PBRJSYEB7NMA,344
AEZGZPKU6ASNAKQV32UNJ4ZWG5RQ,345
AEZIGGVKSMBXMVTAB5YCWRAPPNNA,346
AEZLTD6YWZ74SV2HNH75KIHPAQAQ,347
AEZP6Z2C5AVQDZAJECQYZWQRNG3Q,348
AEZPAUOMTVXOSFDHLNZZLY5W6PGA,349
AEZY3WQ5CO4DOXRNJOWWXJYKCAXQ,350
AF25FEUEZLYZM2WOR364H3FX2AZA,351
AF2CZVJL4LC3ZL6KHE5JEC5DP45Q,352
AF2D7NS27353I7A7XTTFAOD4H4RQ,353
AF2EEPW7ENRQUGUAKLQLOPQE3BCQ,354
AF2LSJ3TDXQFDDAXMNEFT5QEVJ5Q,355
AF2NG4S46IPDPVOX3VX2LXAQKXLQ,356
AF2QNZKAD3H24KCJHN7Q56GZIB4Q,357
AF2QWNEHILTASJV3AGMBQN3VWS6A,358
AF2UENMHZAA4IW62QTFAISTI5HHA,359
AF2WNE5GYNRM2ZQXV5KYLC6NSXFA,360
AF32CHRW2ZLLAXDLI4Y7UMHIU6RA,361
AF32FPNAZVKTSEBFTMP6M75HLJ6Q,362
AF33YHBDTH3AXCGDM2CTITV4OXEA,363
AF3DNYUJZNKM34VIRHJREDPMR2HA,364
AF3G2HJVPV6RY5UCBRHNEJCIIG6A,365
AF3JWAOD7HXW3HZ7URFXWUWJTHMQ,366
AF3RENOGZJOCO24HPO75EEIF4EHQ,367
AF3STFAMXP75F3Z4D62HM3Q4AFJQ,368
AF3SV4UZCWMZAKGM3XZBYPCKNQZQ,369
AF3ZBR3QPWW74JHMXXMCT7NTTREA,370
AF42I4ERCBTGOVGQZS2HVNAUV6EA,371
AF43BTD4LIGWFUKI62M3USYSJ3HQ,372
AF4BOGOQTH2UMVHR56RCSRIVLTFA,373
AF4GDLAQHZ4J2EH2L2OETA4ZHJZQ,374
AF4KWTLAQ4OTT2D2QEXT4Y4AJ54Q,375
AF4RW3CHGF3IUYH6N6N5VKKQ4QLA,376
AF4T3AQXLGSWBXPJV3RI2DBPEYUA,377
AF4VHMI7DC4QIO6UZILQBFK327BA,378
AF56T5VVEELDVJXRJ73JVN42QTPQ,379
AF5CF2PSNSD3P4L7HOXSTZ77FG7Q,380
AF5DHBUMYRUKNVRDZSUXS22DDLSA,381
AF5EHQ7XIUCDLFBZ73YWE5FOHTEQ,382
AF5G56E664Z5ODOMEF5CF7OJB7EQ,383
AF5HPI4MK76VDNF62GZAUYGSSPKQ,384
AF5IFCNRQJLAVPR273VSDAUGZQHA,385
AF5KSN7RITCZ2EEWDTSOTCHFR4PQ,386
AF5PHW7BPQPIKBYHRECPSBPVM2QQ,387
AF5TH4CV76JKHHGPSQCDNZPPFZSQ,388
AF5YO4IZ57U5JL65UWJP3S4RZE7A,389
AF63DKY3AKAMBL5NBNJL5Z7V6UQA,390
AF6AVHQ4VONJBLYIMNCRYGSNS2GQ,391
AF6BYTE77S26IDJ7BLMFZZ4WIMXQ,392
AF6XLBALY4NFXCJSZHRYNW6S6CIA,393
AF6ZQAKHCZ5HOJTBEBEOAPHTQNAA,394
AF73QCPOXODXFIQPGNT6BDLFATTA,395
AF7542ZZDZ4XVE56C2YPD2DMF37A,396
AF75NBPFIT3QKRMGLTXPRGBQ6R6A,397
AF7D2XXF5YXIZNRFVXI2SLWSIEHA,398
AF7D7EYADPTVCIFDPVUCPOBMKZQQ,399
AF7HXCJBOPZUXGCGLC6TMPMGKA7A,400
AF7KGPH5BA425SYMT6E4CC63RB4Q,401
AF7L3S7DUX4KHLUGWLZ4HNMR4A5Q,402
AF7X7NCBSFLSVVLZZELHBCBSYPUQ,403
AF7ZN26X62KAPYVI4CV4P6L4UI4Q,404
AFA26DYXVLJYTYZ3KET77GE27N2A,405
AFA2HZAKKWNUGYNOMQT7TTYOKYTA,406
AFA4P6FGFWSOUDOBK6NNQ5O6S6GA,407
AFADH36TMI5HG25EWRLQ6FJBSJTQ,408
AFAGLQ3MJPGL5736PU4ECCH6JIDA,409
AFAKIPQM2VSXQH7G25NHMOYGWLTQ,410
AFAN3OPQN6WTH4XY5RVUTIWAPEJA,411
AFANKY54DMNP7XTDTZUUMOQ4BWBA,412
AFANUWVHKQGKKHI2LQZVMC7CVFVQ,413
AFAPIBWKXS5MQ6MSDUURK3XH323A,414
AFAQMXQMMOOJP7ZUX4NQSWFE6KTQ,415
AFAQXVYPN5VQSC5JULOS5CZ4U23Q,416
AFATNFWGYVVMEZWGDNLDUXRBRFLQ,417
AFAW7J3A7JSGLK4GUGC4LLI4BJSQ,418
AFAWTQK47VDTPX4H2PEOMJPORIGQ,419
AFB3Q3P4WRDSUMKGJCD4DSYOPJSA,420
AFB3WRDIUT2JMFXL3M3DGY4SV6UQ,421
AFB5L26ZMR3M5IXB3TR7NBTIFEYA,422
AFB76YZ5WEVCNG77O5B5VBXVFQUA,423
AFBHY4MWTGMILVHTVSIOA7ZKPXBQ,424
AFBJPJ4O7UALJGXKBYAMQ3QGPKBA,425
AFBKBWXSHQMW65V4VQMTLARY5G5A,426
AFBL5A5ETYIFIWIZDDV4L6SGMYHQ,427
AFBOBIGITESNNRZLDDTVB57EBG5Q,428
AFBPX6U5S7WXAUQ5WJLYYHMXUARA,429
AFBQ46JRNBSPX65LES2U477QD5GA,430
AFBQXE7NLUNCFSZZQPXBOI4Y7U5A,431
AFBXATURKEYERHAHDPL3FACHVMHA,432
AFC77276NOBHBYHM3V5MNU57M4CA,433
AFCEBGABKSUDM376ENPQ7E6OFE4A,434
AFCGIECMS72QU53T42VO2K22C2GA,435
AFCHQBCGGFVCCIJVS5A4BGF3CINQ,436
AFCMEYXU74PILKQGL3LZ67JWYDKA,437
AFCMHYJTBQ6PGQWDCDWX2KP4GJ5Q,438
AFCMZH3GPR2DTN7KZGAO6XIYTKFA,439
AFCN5PLZ4KRXJHFBXG7EYNR2OGIA,440
AFCOEGXRB5XGUYAT7JO37HCDP5IA,441
AFCWNUTMJ3NEZLJ5IVKKFSDPNM2Q,442
AFD4NOBYEHTVMSU4B4M3HRBPFEVA,443
AFD6ISTH6EGE7CPOSFQVN3F2Y4OQ,444
AFD7DZY5M6FPYDQKX4NZMPWNFHSQ,445
AFDBLPYIOXLKV2OCWUXI273PWFAQ,446
AFDCBPTWEMATBYTOUQ5VMXKCU6TQ,447
AFDEKPVTGTRMUCTDYLGDSKGQ5COA,448
AFDHLL7NR7RJTGTRFOBFRHYUKLYQ,449
AFDJTNUYWR6HAIA6AGBSCVPDXGQQ,450
AFDMZ4TRX3HXQQUGWAHJQTIF65BQ,451
AFDVJABQGM2XNGO24OVFVXV3HEFA,452
AFE3IQ4S7DRA54TT7264V2KPFKVQ,453
AFE3LHXPUNZKLRS6ARSOCYWT5GZQ,454
AFE455UZSSCI5CIPWLFS4JPVXDEA,455
AFE54MELB5IGFUYBSOBGJOSOMEPA,456
AFECZ7DGTQZZLJ5CS2KOEN2G7NWA,457
AFEHUA43I6DXUYV4U2IW2AVEAH6Q,458
AFEJWOMAZXI6KYWJCPPF2OK2L4UA,459
AFELNMJLHB4HXHUJSGJMOOJJWNJQ,460
AFET636TQGQ5AM4MKQZOGCUJPS2Q,461
AFETR2JP3ACDZU5YQWAARTONN77A,462
AFEZ36S4XKZMG3TUP6UUFCCOAXVA,463
AFF7LHZZXMFIS45DISYHIBWW6IPQ,464
AFFAYPNQUNQ3FJ5GY33X42QM7LJA,465
AFFC34YWXK5MXT3TYIOWTKYVSBVQ,466
AFFDZMPCOBNIG52OEQXFXX2NL2RQ,467
AFFF5KY5G33SNNBEXU333FDLYRWQ,468
AFFFJGLR44QWB45SN2F56ZDEIIAA,469
AFFFVUA7JPDUWCPP2EUVIWCHGNIQ,470
AFFHFNPDM5I55W5FMVQ67ZFMSAMA,471
AFFITXKJEDOSW3PUEMTP3XLGIT6A,472
AFFKES2WFZDYL3UVSEIQZQAV3XSQ,473
AFFNI3WCTQE7N53774R6P457YZIQ,474
AFFQ76P6ZXIQJQJYJD3XJG2RVWSQ,475
AFFWFJVK4EWDGFYUZUBVB52PEKWA,476
AFFWUVSKOGLCV6S7S4G6K5OCK5FA,477
AFFZFKGSXG6QF33PU3GQKOD4UEVA,478
AFFZVSTUS3U2ZD22A2NPZSKOCPGQ,479
AFGAUAB2JIRUCN4VS6DUEU2QUEWA,480
AFGNNVX4MXNRFSGEW23WSI3B7UJQ,481
AFGR64ZC35GOR2TGIEC6G5MQRTOA,482
AFGXKFVHXVRGBSQPC7DX34ZSUHKA,483
AFGYCRP52BPWVGYCIQZ2R74LN4NA,484
AFGZOYRNG3U4ZXHB54GKGH4RZW5Q,485
AFH42TXA4EETS36U3NSOXOZFEJZA,486
AFH4NHYCZM6ZVSI2YR3HMELHFWPQ,487
AFH6FY3MLHK6TQ4NVUXNIR66C7FQ,488
AFHAMLFUPGBSNI2FTHBID3T4KZWQ,489
AFHIWUM4BFIX6BS7UHXY6PW6NSGQ,490
AFHPGM5EG6FSKJCL6NNIAZF356FA,491
AFHRRG65JXTIIIHQ3N5C2PAINMNQ,492
AFHV4DI53QTMD424VVCLXTTIO33Q,493
AFHVOR6BHMCYEBKXIEUD4YEFHIVQ,494
AFHWBJPPE4U2RZ6ZCASLSKIQUSEA,495
AFHXAZFQLN6RWIKMW2NJGBOHSRYQ,496
AFI2AJO3BHXSRRATUE3UBBEAK6IA,497
AFI5OWJ6WJREGGX2QPOQMXF6IVCQ,498
AFIAC6O72GCRWFD4RGTIXCDTUPGQ,499
AFIJ2NMMKURQNRE2TXL2IHXTUURQ,500
AFIKHGR3E2N444DHRZHNL7BDUKCA,501
AFIOTYK5KL5RDPX2BOI5XAMMYELQ,502
AFISZBB5GQ4XOO5LNPH3I6O3GYEA,503
AFIU5LRUGALCD3VBZRDEEZHDU6EQ,504
AFIV24ASRRUJELALB3C22D62GTGA,505
AFIVPPJGLR7CM26FNG44RMGKKBSQ,506
AFIZM4JKNPIQ656K5H7AJGKSCUSA,507
AFJ6KQWYO7XKURDGZDOG5ICZJVSA,508
AFJ6MWWL2WIQYXAAE2POYOEJDYWQ,509
AFJAJKEQ64UHT2LBVXC655FLYW6A,510
AFJBKPK5W56XWSNPQU2WW66ISWYQ,511
AFJDZOCZREQOQOT2RHPH6WRZZH4A,512
AFJERCY6R5F7AORDVWDEZRG6SEJQ,513
AFJEW2KOT2G3J3NCS3UNFGPQM6RQ,514
AFJHUOBHOPZOR4EOREP4OGGEDBJQ,515
AFJKURYWOI7U53JIT5AMZEBGXFHQ,516
AFJON6PPS7WYYWGLAU6N7XPIQIAA,517
AFJQO2RNXENRAMILJRQ3TPUCKLDQ,518
AFJWSXD75VICIUZJSFBMGFPISC2Q,519
AFKAK5724N2ILJAJ2YJMPHMU5HXA,520
AFKFRP6QTBEBJPBLFJV7JAL7EGPQ,521
AFKHGS2HW3UXDI4NMSEPPJXCQYJQ,522
AFKKRNCSBKL665YW7EYCJMLOFR7Q,523
AFKMW2IMDBOVH6JGT2LPRIP5POCA,524
AFKMX6JZ655VPVYHBTATZQS4IBOQ,525
AFKOMV3T3QCF5MHX4QNWIXXV72EA,526
AFKPLIHIHGLZAQNTY27WX7QPYRPQ,527
AFKTFQUSV54GMRLFKGRQRQX3VLXQ,528
AFKW5QPFIIVG2LBCG5WH2KIKK7IA,529
AFKWVYCDSBTWH32UVMV6NT6YWC3A,530
AFKZESU3PTCQ2UVDBDSFVFTXBFNQ_1,531
AFKZESU3PTCQ2UVDBDSFVFTXBFNQ_2,532
AFL3BMW6ZZMWHTXH7KDSUHHHZ2WA,533
AFL7IZKOK5XU4GX5SXGEPXWNOBPQ,534
AFLA4DDD3MYTBXXNJACDTXWUCM2Q,535
AFLAT2UAZWU7HRGABPWUTVTR5BRQ,536
AFLCTVFBE3SSD5VSQAWYW672TO3A,537
AFLEHKQE4BPP3HB7CLG62JP6MEVQ,538
AFLGJMNYVAAQKGCL7IBP3YSK7Z2Q,539
AFLKX7ZNVK2DN6LG3EAP6ZNYUFHA,540
AFLL7VDURIYXYHI7YZNRDODJHOCA,541
AFLMMWIPBSIEKQNEWAMXSIZY6OQA,542
AFLPYSYKUI4MNSKQZG23DAGMLQ7A,543
AFLTTTVFT47ACTSPK45UPQVKSAHQ,544
AFLUB3K5FG6IPSZWWNXDXQGC5ZQA,545
AFLW4QVB6RU6ATQT43KZCDBVZYEA,546
AFM2YGQMSCNG6EX6NWN6SKGD345A,547
AFM5HBTBEXCVKDMG2KVO3UKU6MUA,548
AFMAF5CULGX4ON2N2ANVCIFXXWAA,549
AFMEZ7AL3G3ER3ATMSLHNWHRT2FA,550
AFMGOYPA5V3X5D5UQI5KFQDXSCIQ,551
AFMIJMFPQMRDQDQGJ5S3R6IELDDA,552
AFMISNWTPJUEQRYV5TOJMHXJXWEA,553
AFMNNMTVNNQD66BJGJO2EGW2OE7Q,554
AFMRZIVDEQTMSZESJYGJ46MY6JAA,555
AFMVC4BYDFNQDNNGJJOIZQTEA3SA,556
AFMYYGSXX2BYBJMED4WOU2OKYAOQ,557
AFN2ODMZ7ZSSWLOYOABHVDUZVV6Q,558
AFN6IRUE7NP2NO4ZSTTXVIUOOMIQ,559
AFNBUIKUYOKO5LFZYIC2BZHINCXQ,560
AFNCWPC7HAKK2GX2CJR543L4EWQA,561
AFNL6B7KCS3NN3K5ADRPXO7EINUQ,562
AFNN7UY25ZTNKJH4XF3WOLH5SN3A,563
AFNOXJVBDXGP23JMXBB2W2F33BVQ,564
AFNVUVRLSRHUBRRIPYEBMOPDBXEA,565
AFNXVSDKD5AGMXKJIOZLTGVSAZUA,566
AFO3T3C7SLTJFDPZ4RLHMIZGX6HQ,567
AFO4TK4OIBI7MTKVNSZ2ILYNA5BQ,568
AFO66IWEUYPK423EBGANBKCYYBRQ,569
AFO6Z7ESX3VZV5MNKVLEOEA4MLDQ,570
AFOA2HTRX44FROMC3WKNJD74UALA,571
AFOBS5YZ3JIM3KXZQVUAGWFFL3LA,572
AFOJ3VUVNZJAAU663ZQQQENG3I6A,573
AFOJPVDPEVIBJGR2ACUCT7RXPPYQ,574
AFOKYQI6WRSAK3JX3FZIMUORMTGQ,575
AFON4EU4BCRC45247SNHEOCHXZZA,576
AFOTAJLMIRCV26FQJA25232RYZAQ,577
AFOTT4HVPHLZTASZBFS5IAP3X2VQ,578
AFOV6NCCWCKPDAWT53S3L3NA626A,579
AFOW3OT5PRATCFHIFCUS2EJGZX2Q,580
AFOXOPWCQKQWZYB35GX4NEKZG7RA,581
AFOYJ3ECZDXGK46JE2BHS3RVNEAQ,582
AFOYLOPDLQPUJ2KILH6PSAGC6ULA,583
AFOZSMF6QXYUJ2WIXOLLIKDKO3KA,584
AFP2CXPW657I6PLKLC7XRPJWUFJQ,585
AFPDGV7HWYESLKKQIN5HIKNYPAEQ,586
AFPF2CONJ33FNFKOEQ2TUNWQJTFQ,587
AFPFSYQZJJKKEF4S6VKUJIOZI7IQ,588
AFPIVLD54H3FRDVJQPIGCNE236FQ,589
AFPLKLS7YVHNLIFLYLY3S3ILU3FA,590
AFPN3GQ5TNVQRJ5BM7D5SV5YPJ6Q,591
AFPOZIMUTVGN4EAZ6OMA4ODXYTJA,592
AFPQJSMQXZGMQFZMRLO7YV64AOIA,593
AFPR55WPH374GMI56Q47AKFXACJQ,594
AFPTANBHXGA5H6UEWDBP7PDMBCJQ,595
AFPVKWMPCZ4PAZLAWA3EZJ6OEE2Q,596
AFPWZN2DVENLLAXICJCFJBQR3NPQ,597
AFQ2A55JKGVR45VGEDGWOI3AGIHA,598
AFQB4XZOGRLOBZAQAKUC6PHX7Q3Q,599
AFQD6M5AJMJB3K6UBI2L7ERQQVXQ,600
AFQGWKG2O4BN3ILBXTW2NYHDTCWQ,601
AFQLTX3WSAOVNBIXLJH3SH7PTYXA,602
AFQLWAMJ3KIT75TCQ6E7ZLP3MNAQ,603
AFQPLIVRGZSXUXNVBVVJ2CYZ76JA,604
AFQPOOZCQQ4O7Z3DAFL3KEWBGFZQ,605
AFQUIBILCS6SU5KAQUKEC2F2GRXQ,606
AFR2RURQIK7T2Q5AZ5LTHF52JKHA,607
AFR4LJ3MGYH2DXMFCX77GJJHEZIA,608
AFRBDEWFVFQTDOUNSOPGUGL56F4A,609
AFRH3OFCPI54KIZD3NJCQVJJL6LQ,610
AFRJTKBKVBAHKPIV3OIYAGS6AFRQ,611
AFRMOOG7VG4WSGTOQCQMGLIGC5LA_1,612
AFRU3KLSD2QPZAMVBI2KV7G5JGQQ,613
AFRUUHVWOTUCLARO37KXZ3UB6DSQ,614
AFRXD7UL2F3H7ZMH6NICQUDW343A,615
AFRZOVSTLFSR4OA2Y45IR5LSV55A,616
AFS2NPESQ3YSEJFGKXCATIFLEUQQ,617
AFS3OYJNEKR6E7CC6Z3X2KVAW52Q,618
AFSDYORDYHCJDHR4GUOTJIAZPGZQ,619
AFSHXT5PTGDSFW2725SDXIE6ZVEA,620
AFSJUQ65IFB2Z2ZMACC2WYZWOELA,621
AFSKPY37N3C43SOI5IEXEK5JSIYA,622
AFSOLUWE4QZ3CG7RFNLT4YN2XGEQ,623
AFSVWRYOBMU27A74OG7MPEBB4SSA,624
AFSVXQTXLYTGQMG6KOMMTLNOVZEA,625
AFT27PTGLWDRIC4IJCLRGJTKBPMA,626
AFT5JVJJJOFF2IWDTXH3UYHJWJKQ,627
AFTIOAA4H6RGGBRKBNW6HIA63HOA,628
AFTJ7XQN2EIELHARUBBL6Y7L65DA,629
AFTLUVGQWKW6XSQ5TB6UER5Q263A,630
AFTOJE6AK7BKAV235EC6K54BXXRA,631
AFTSDFLO7KJ63PR66HKO54GQT3QQ,632
AFTV7LETO6ZYPG5CELEY6VEVO65Q,633
AFTXIXAVZK6536MQA6NTA4RW6HYA,634
AFTZWAK3ZHAPCNSOT5GCKQDECBTQ,635
AFU3OS2J7PREIHSY2QPT6KH5XVTA,636
AFUAKR7T37ENPSFCNQFHAAWRCVLQ,637
AFUANRZ3OF33SOCHU34TI2BVW5OQ,638
AFUCJFABAM2STDQSOZPWQCNYJRFA,639
AFUD2IRJGKS7G776TLQ6RHBKTI6A,640
AFUDQCEFGCGFLIAXCMYMY5WQS4XA,641
AFUFAWV7RMC3YVFARQKVW57QRGGA,642
AFUGDQN52LUB4WEYEIXTJVYNKCHA,643
AFUGN6F5BFHQAUNQPJP57DXX6KOA,644
AFUH6RB2NYCGEFMAW6XJMCMSCISQ,645
AFUHUI2URN4L3V3SJSUCBC4PMUTA,646
AFUIVKFLBYWV5NAUXMQKD6PNE2LA,647
AFUJV6YNRWZVNYWVEOTVM3AFE7OQ,648
AFUUE3L25XOEHFHVVDEO4QINVVDA,649
AFUWYQOVNFUYBNBPZXK4JTI27OIA,650
AFV2WXCUFE4E2LQAJXA3XNW4OHKQ,651
AFV4235AEPPVHN6VGPIUQYOAKXCQ,652
AFVCIABXTB3J474ZHQDDXAIJ2R6Q,653
AFVDZS2ZVXVRIOA33VNPE27JXTDQ,654
AFVEHEVHMG4X6YNGSWBMRN76EIYA,655
AFVFLXOENECJZ7KCIGNJP7JZOYPQ,656
AFVHUAR3SYQOQYWHUOOSPXC6BHAQ,657
AFVI4E7TR45DPA33Q76IZM4XNR4A,658
AFVLZ5PK7IRJ4RLUC5BWCJTLF6EQ,659
AFVRRXH7SFVMLOH3E72LOV7MVOEA,660
AFVSWUUY2EIM5FVF7LZGCRRKQ2KA,661
AFVTU53ENNYWEUSKL57LVN3AMJGA,662
AFVTVJ34SVB56QVLATBJDK72D7NA,663
AFVUNKZU6OKGHABGBKQRF3KS7WTQ,664
AFVVEGO2FG5KK7ERTEYKTSWO4ETQ,665
AFW4OH32QR5NNVG4NLMNIGBBRYQQ,666
AFW4SWVIQ55BYYSSQBLPROSEAWUA,667
AFWAFRAIQBOJB64KSWIORYXFSRIA,668
AFWD7PQOH2CF5A2KBE77DCOCFSFQ,669
AFWKLCJQ6F35YFSHU3XZ7EH63N7Q,670
AFWMBGNZODZ3X3FYTWEOLBIDZ5BQ,671
AFWMS6FJ7LCLRGWLVZ7TSIT7NPPQ,672
AFWTMJMEVQJOA5635MWZAQIPGV7Q,673
AFWWRAW4SIX7M5SIDENHU5AQLMBQ,674
AFWWW2I65NAAI6J3FGO3FFIMQZJQ,675
AFWYT3IMJGM3YNXCKBKRT64TRX2Q,676
AFXANX7RFDNUVJUHG4U6UC2V6RVQ,677
AFXEAPO3PXL2WKA3B2D2SNMSS7BQ,678
AFXGJF3Y5GHHDKPDQEVOW7QKYGHQ,679
AFXKT2RARKPUUPJTRL5H34MYRPMA,680
AFXL65ISDBHR2DP7NROTUGMZAKIA,681
AFXP64YTUWYQDBIUFRZ73Q5AQLVQ,682
AFXV4DOR36BWXTKE7DYDFR5PZEOQ,683
AFY3OQLDOOJGKNXN2PGUUDXY6LTA,684
AFY4DT5VFF3XUFELEKNGEZANLC3A,685
AFY7R6NIDZW2RYSE36LMS4OVETZA,686
AFYAONRE3BLNNN22SWTWZTDKJEEQ,687
AFYBWLB6IGZOMO7RAPC4N3GPTJCQ,688
AFYGUMKBO2BV4WAPRPCOAZZD3K4A,689
AFYKEGGTGITZJOXLN4QWIBR3FK4A,690
AFYNDXS2WNENHKE4M46UZ2G5PDKA,691
AFYWUQCQBBINMRRYXWYOXGMTCZOQ,692
AFYYW7JO335R45R7XH4ERQ3SCQQQ,693
AFYZ2S3M3ZZJRC5KX5ST5G56XBMA,694
AFYZ5LXPIBLEWOSYYN5YM4N3KTLQ,695
AFZ2ZHLLYL3SNJYVK2HGFJIQUVBA,696
AFZ4D3N3EZQSAPZVHYAKBSMI2EPQ,697
AFZCDIETTEOHLW7F3O72OH7V4LUQ,698
AFZDRVJWZGM7ATXBZANQUOKOBZSQ,699
AFZIHXLLRIZYAZDRCGC3Z4DYUMQQ,700
AFZLR6H3PYXP5GMFAI6VUS36TEVQ,701
AFZPFOAKZBFW66TTZYR3Z5NIOM2Q,702
AFZQQ53WKWU4SFFQXEVPS47OO2WA,703
AFZRFVMZK365RXZUGFJAPKLOI4OQ,704
AFZSVK7P23M2B7GYUYU7TQIHCGFA_2,705
AFZYQUKHQRO2DOOIQ5JHZ4KLV5LQ,706
AFZZTZTECF7DVLRMRUUGR3MM4NPQ,707
AG26EFNGF4Y2N3LC7XZRNLTG4P4A,708
AG2BNG66JLECUK3UUUTJZXZED6OA,709
AG2E2H7CBWSIVUJLHIKTGZ7HJIMA,710
AG2G74XGU6U72PBXEMXU5OEDJZ5Q,711
AG2J5MMW5TJRLKH2APNUY35EYCPQ,712
AG2PPPG56MJA4KHTDYJPU6UERPFA,713
AG2S3T3PB4VCDMX3SDZZYKOKBHSA,714
AG2YVZGDMX2IELFKY5Y5TDCDRL4Q,715
AG34BBFH5RVJWUCKBVN3P7WZFFNA,716
AG35VPA4FX2UUFTEZ4RBSHUBLJXQ,717
AG3FVTSD7ISLKALIPY24IVJCCDTA,718
AG3GNAR2UUSULB7UIVK6M6VT73BA,719
AG3JSTQ6BACCNS2NSMCMPQSU7NKA,720
AG3KYGACYELW37OSWFBIXPDUET2Q,721
AG3NSWNFVJ7KBLD54UGM4PIJUN3Q,722
AG3OFOJBO5LAMRDIU5IBXG3776XA,723
AG3PHTCEKEFGEJPLUFYJUNRVZALA,724
AG3QVHWGYGZERRC6K3SRN3TLTOZQ,725
AG3TKDOZEDD35GPTRVY4DYIJB7JQ,726
AG3TZFSI27Y4GCZQ6MF26IJQ7IXA,727
AG3UB6JQCG7QPWTRDOS2M6HFD35Q,728
AG3UK5NQEV3HAMNVHNLSILEXVDEQ,729
AG3VGEZRKUCSFHHG2YQNP6YOYHGQ,730
AG3VIHY5P5E2FBBYRMZXE3BB773Q,731
AG3YCTYW3LHKAO73DIMWSHDS6DTQ,732
AG3YNLC2WT2VWXYDGDSSFAUH4ULA,733
AG3ZUFUXX3MNYRP7XROMEBCYQO3Q,734
AG3ZVZI24CBBKNMTD3OKPCAZPHLA,735
AG44CMFWCNHSDMTIXLFRICZJUX5A,736
AG46RXRTDGN6T6AFQ2O37EHVYDZA,737
AG4D44BNNLUEZNG7COK2CNRYUHYQ,738
AG4JA2JGE4V3ORCJEVDH4EAOG6UQ,739
AG4JLA2YMQWY23TEQ4MDEFVHUX3Q,740
AG4TRGDHYIBT4CH63VJYM5IOAMTQ,741
AG4V4IJWUNPAXYEFI6YS2HMQWUTQ,742
AG4ZTIHTGR2DYME4UNYCUACIYBIA,743
AG5677YKVQFU3NO2S3X6S4E5MKFQ,744
AG572CXN6M2PMACJ4D7E7HTDUTUA,745
AG5FC7DNJCEBQIOCDMSP3W4SQF7A,746
AG5FGCIM6PBJX3JNDRKQMITZTIMA,747
AG5IBIG2E4TODHD4GWD7H2CUK2VA,748
AG5LC5HSFYGJSK3AQGHEFHKX6ZWQ,749
AG5QPARKQP3HFL724QAWZQQEE2PA,750
AG5S6GVZCKNNXISYLRBEQ6TTE7TA,751
AG5SWCDBCTPKZVS4MSHY2O2EYQRQ,752
AG5TCO5EBXYWF4WRMT4N2VT5FABQ,753
AG5YMPMKWRQLC5LE3V5Y6RHNDSZA,754
AG625MN3A573ZB4CXC66RTQ4LEYQ,755
AG62KZEH6M2D76RNTOW5WAPSBFTQ,756
AG634HOIUGINV5RDACN4GEZWOPGQ,757
AG6375LUWWMGXCARX3WO2MWLEZ5Q,758
AG65KDMEWLDYRKOWEFO25CKMY56Q,759
AG66ICPJNBNGU3RAC5RTR6K6DEBA,760
AG6IBZIJOMLBVD2HXTWJI7MYL65Q,761
AG6IEY26GPONPAY4DCOXBKQ45SRQ,762
AG6NKI45W4T2F7DFUCJWF4I2OWGA,763
AG6P2OWH7MVFCBHKKHMUPPLBCYZA,764
AG6YLD6AAKFSNJSFPAN7SEU7EP5A,765
AG6ZJTIM5FPGFMFSV2RGRV3CUUHQ,766
AG73BVBKUOH22USSFJA5ZWL7AKXA,767
AG76EYFDIPT3JGAVZJRPR6GOJ2YA,768
AG7ANFA63UFTXNBSPMQI7ENM6G3A,769
AG7BSSX5IG3YHMOLMAFJGUAUPQYQ,770
AG7BUCF2A4BQC2L5CKSY3KJBGLGA,771
AG7DQDKYM3A3WOMDJPR67KUI67UQ,772
AG7FMRTDXDSME6GV6N5N6UMFLY6A,773
AG7HPPW563JS2IXS5TIN5TMLBRNQ,774
AG7JCEMC64AM7JPATDVGP6YZOTXA,775
AG7JLFLXYKGNNNTY2L6ECZERD6DQ,776
AG7NXZFKCRRZ2RCUQQACBMAKEO7Q,777
AG7PXNFXUF6QHJTNS7MTO5355XQQ,778
AG7QCOA7NBCEVVK2OQQJWBXBP2QA,779
AG7RCKAVB4TTIVZUDD4RJ2ZWYLLA,780
AG7RNDDUYLEIUMWDO27R44KYY2DA,781
AG7U5EMCIMDOL4O43LL4DBCAGD5Q,782
AG7Y3MVR3JSXGAPYHHMRPNM3KRMQ,783
AGA243XAP4GFKW6KP3IWZT3KMGJA,784
AGA2UFRSB7YZ6KM5HCW6ZVJWUMMA,785
AGACEX33HSRECMFQZ6L5HJKX43VQ,786
AGAGBXWUDZGUPCTXQUK32QNJOZXA,787
AGAGDIYPSOXWOITXFNGUVRTO4KHQ,788
AGAKHDGV23KLPIKK5ZDH4IFNKXCQ,789
AGAMEAWPNWHYO5M3UWLO67FYY3PA,790
AGAMI7L7XB2TC5VTCK4NSG7LABBA,791
AGAMWRRTKKWKWP2YEQSGJVU54KYQ,792
AGAUTLK6K6W5YQLPGCTXHZCJTDUQ,793
AGAV7IY4HWGYRUIAGUZRXYUJ22DA,794
AGAVFN7CIWVLIDLJSMFNLJWNEDUQ,795
AGAVYDGPFYLGIWMFBO3V35U7GSWA,796
AGAZ2F5I6UUJRJ66DPLMQW6Y6FNA,797
AGB3YZIRHOSAZGQF3NRHKQJWWQTA,798
AGBAMFNVWJ7KBE2E6XYWRBCFZRHA,799
AGBBHRX67FOJ22LD5JODJTMHMS7Q,800
AGBM7UNX7V65DNOVYYNHLXMQCGJA,801
AGBMDAUSYGIJPKG4JTF44MI43EHA,802
AGBMZQ5DDFKEBHD2RM7SBDHIKCLQ,803
AGBNDVDEWXTP3S6Q2TCRX7QBX2BQ,804
AGBOJKCDGBTTDKXDVVBLN4FHOKRQ,805
AGBP4HSHDZVNPZN6DJB3T45CXEOA,806
AGBQ47MAES4N7IYWI5J6ZLFPP7KQ,807
AGBRLT2FVVICXLIBYVPOO57WGPYQ,808
AGBXPRUNUKUUK2JTUF5OKBJMFHGA,809
AGC3IL4VMIOKYGFSTKV6A3Y4VJNQ,810
AGCAECLIAGS5HB37W3BJHZDFEAJQ,811
AGCBN3YDKXIEFOUCDKENJ7ONWXEQ,812
AGCDBAKIO2N4Z64BBERH7ZY7ZTEQ,813
AGCI3NQVMO7NAFYWZ7BDKLE3QYFA,814
AGCLTPDKITJZBCEVT34SUNRD45SQ,815
AGCPBYCTLNUPEDJSGSQ4OADYIYJA,816
AGCPWSF37S3OT4BCX2PSXZSSS5JQ,817
AGCSDGW3HIUPW7YHE7G6OJ3BI2MQ,818
AGCSNKILUI6A2WCPAZR3NV7GLUJQ,819
AGCSZUERBBDYNOE7ZOLOJTIVS2DA,820
AGCUONI7ZAZ4SCQWIUQCV7LRU7VQ,821
AGCV6N4LVTEQVYSE3LXR3J2QB3EA,822
AGD25H7BIT2JUXSIOPYCYB23J3ZQ,823
AGD3UGNA33BE5LPPT6N6INI5L3OQ,824
AGD3WE6VAWDOBMVDUHA7WCTF4SQQ,825
AGD4VKKFQJIGRC3RQMCZ5W4UQEGA,826
AGD5H6XAELAORYSDBNRG3TGISEJQ,827
AGD7WV73TAJ4ERY6S24KXVGXGL6A,828
AGDAIBQF4WSTHA62IOYUA3N6XIJA,829
AGDE4QOBXKF3MKSUWSCSFEKB5A4Q,830
AGDEROWCZLUZG4HG4L3CCFPLVKRA,831
AGDJ4U4GGIQ6AJLIBE6RSDPL2VYA,832
AGDLEHZ3M66YRSSMMFN2FC2TDWPA,833
AGDLWJHDOTY4ZTSPWIMMICVH4PBQ,834
AGDM6FE3LCB45F7IYVNPHXGPTA3A,835
AGDQSAZUYB2RJN3OZRZOKNA2XPDQ,836
AGE54YCOPH7DWVBC377AEVYV2O7A,837
AGE76SVTLMP46AW3K3WTAKUL6MJA,838
AGEA4IFZZTLEBGYXV25E7ITOB6JA,839
AGEAP2EQQGAJCG3SBC2WNTLMDGXQ,840
AGECNHEQP6QCIRHDF5FKORT6BEEA,841
AGECXVI33LXABWH6A6D7VCVWIG3Q,842
AGED3FVLRFAYSCEIGO2OZLCAUDJQ,843
AGEJX3UI5YYHDRFILK7AC4W7QHFQ,844
AGEOZXPAYILCESAOSE2D3MWKWYLA,845
AGEVBIOFTKT2CYEOKRALJVCDDH2Q,846
AGF3D2P6WZ6BKVZPMQAYYHW6TB2A,847
AGF3FTRJFQ5EVBG7S63RM5PEFD4A,848
AGF3GKG7XKYVCBN5TPTKLCNLTMAQ,849
AGF5AN3BVD7F3TEFFN744TXEYZBA,850
AGF67A4AJ5ADLHGOBTEAE73YPT2Q,851
AGFADHOZ6V2OIJQ4LBLHSFQMOECQ,852
AGFAOH3NMW2D7YV3QVZSTXMTSKIQ,853
AGFDUH6ELFIEPL32ILGKQJA2CW5A,854
AGFE3FRCD5TVIU2PCRKI2GMKIHAA,855
AGFEEXVOGUEB7DBHFCYZPW6QQ74A,856
AGFITSRY2XD4C25USUA6677FCUZQ,857
AGFTBBKYGPB5TRUA5CIBHIOAZJTA,858
AGFVRTC5ZO52DM4B53RBSLMAMSSA,859
AGFXGGYHXHO4NWENUVHVORPM76LA,860
AGG4BC77OLAGHJ7OTVCSZQ2DKH4Q,861
AGG6IL73Y64UKUOLXOG2OHZZADNA,862
AGGFJRNQ5KMN34RT2LA6OYJXUBDQ,863
AGGFSA7LZ4ZB5YMHCBMAOQCSLFLA,864
AGGHRXI6ISCS23K7APA7MDDQITYA,865
AGGMDRXIZJHBVVQFKU2LJ3LGICTA,866
AGGO4ZAB34QW2TE2LIIBIKHITUXQ,867
AGGRUMCOTAOI2FP5FBABLEBL5WCQ,868
AGH3V7MDJN7NGSQ37RAENNWWPXLQ,869
AGHA4OJMCWUO27UTPY2JHNGYXB5Q,870
AGHBKOSTJKO42HEQ4S24UHEKQISA,871
AGHC5K4JUULD53ICA43VSWYYADGA,872
AGHFKXOW4JODKXQXIJREJJL7YR2A,873
AGHM5YKSK5DWYE3BPNV74LCD5X2A,874
AGHOA3WLQUNK4YEDQUODTF3QERTA,875
AGHTCSFDQ7IEURNACTMKYYE343FQ,876
AGHTQJFOTHTRC2WW2J4RHSSVD2CA,877
AGHW7QOP36FUNXAFKK5MQWXWZV5A,878
AGI25YMRETZWLPOGD5IZ7I2ZHCYQ,879
AGI2CALVQWOUMIBJXDRG2BDNJLNQ,880
AGI46A4DTFZZIWCK2IFKA4XBPBOA,881
AGIR2UR23RLOKLGM7JRVUT33GPCQ,882
AGISNUVJTE7ITMRVUDJKBVTHE2WA,883
AGITPNXPMTZKCLK4C3YRCJRFEEGQ,884
AGIXDHXAWMWG4253ZBRZ3JWJ5UBQ,885
AGIZS55ZLHXTY6RTB5MAMH6PPT7A,886
AGJ6KB5NXCCYJWJSIVW27LIOGWSA,887
AGJASHUWHMH3QYE2W463EZA4JDHA,888
AGJDC5FZXO5AVWPQ354VZSTISCNQ,889
AGJE5H2HHMZUTTCN2YGZBLKS3QGA,890
AGJMUGA3ZLDJXI7HMYAZXXISE3UQ,891
AGJSILE247PE3IG2M4PHW7ZB2GBQ,892
AGJUM2ZLGNU2TCCONZ4YO35XLXJQ,893
AGJV4SQRAWLSQI34YTMPFZNZHJMQ,894
AGJYRZCGRB3CGX2GAIKWVKMHFJIQ,895
AGJZTJ5SHPYZYEJ67RBIDXXO5MWA,896
AGK6PFMK7GHEQWAHQQLE4F2V623A,897
AGK6WBB4NS3NWCQQL7KQVU7XVLMA,898
AGK7C4PEAFN4BL6FHZU6GBC6FGOA,899
AGK7Z6T26JWN3FJ7TPKYMZSCWA2A,900
AGKFE4FDVTYBFP2JVEXRI3O2ZFAQ,901
AGKH5FXUH5DI7FJ5JOVLX427QORA,902
AGKIQW6N6BI52ZECPE224GTODPDQ,903
AGKJKAERCOEYNMI2QKO7EEODUJLA,904
AGKNRD7KEYCV56Z3IQFQKCCCGHCQ,905
AGKTELTRRW6ZOROW2TI7HKVQXT7Q,906
AGKTH7PQFIR267N3ON5OAL6DZRIA,907
AGKVC3TSM7DTU2FC63M23YBM6JMA,908
AGKVCTC5JV6GIJKCRCTFKLPTT43A,909
AGKXEQ55UWTAAB43PDI2YKIXVRHA,910
AGKZPMB6N2G5KWRCIII6RMI4KSDA,911
AGL6FOAPKIX72PX3ARNOIU5DAMZQ,912
AGLEV6X6WEFRTLDSG64XNBD7H5MQ,913
AGLG7SQ7QW37BEN23YJDP2P3O5HA,914
AGLKDBGNLP35I6FWJCXFKLJS47CA,915
AGLMGFVJHBHRTCCIT54VLBV6KSBA,916
AGLY6SUD24HEFPJPRFGZUYDNQLQQ,917
AGM6CZCZO46FBLW4BP6C7V4GUMSQ,918
AGMBP76Z3LEPCNJMWMSPQ6V5ODPQ,919
AGMHYXPNFNY5XNKLRHGCS2UDZJVQ,920
AGMITI35DNIHMTUWA6JSEYH43FGQ,921
AGMNEYG5UCUZDCHZWNTCREKWG4OQ,922
AGMNF2SSUVGYHSJM5KTKIZTYWQOA,923
AGMPQUZHVIMLHJLS6MBG533T6EQQ,924
AGMQHWDDLOPE7SMKU4QUJ5HKKZBA,925
AGMZ2AS5WX7QXL2N4GOFI6MDS63Q,926
AGN5KJZU3FYSKVWXWM66LXYWL5CQ,927
AGNLBAJ5MRPQBFJJZSLCWVLALWHA,928
AGNN3VUKKFLK5VP7J7ICUSXMILTQ,929
AGNOEBWCRTMCKIIVONPLXMLAV2QQ,930
AGNSWJ6C7BFDETEFOY3U36OG3HPA,931
AGNV2TUXMMPFRBIZVEVUQHZXWQOA,932
AGNY44TPBN432VROMQTZYQ6BUG5A,933
AGO4YYKDMEDZ4H733VSWI3OHMHDA,934
AGO7YFN2XCVOHXQPQLMK2N73WFIQ,935
AGOBYFN7KVIHB3PB24KVL2SQXAZA,936
AGODNM65KBM7SQH4MICZWX6X7VVQ,937
AGON4MCTUBW2QBXY4CBLDAXPQAUQ,938
AGOOSQAJU3MTSHUT7WB7AMCRHTNQ,939
AGORWDNNRTP6ZJ3XQVPUV7WE5ZDQ,940
AGOT5KSQIIEPKKIJ6CGPML5M63IA,941
AGOYI26JCGR7MOCPUBQSQLUB5FQA,942
AGOZOBAEWGEDBG5EJ2BW4KGMK5DA,943
AGP546CABIHZE76S4XPRKJYMH4HA,944
AGP5BKOZSDFZFRSDAMJ7AKMYQY4A,945
AGP7Y7CASQYJQOGE37R54UK33BTA,946
AGPCKGESAI7L44Q4AAOS2JNOR3PQ,947
AGPFJKGAC6T3VAIUNYNDIE4CJY3Q,948
AGPIKCX4GXMRFBTIRDA5BYX46JUQ,949
AGPQ5YHWBYDJ7MSCXF3BV7V5MFCQ,950
AGPRP63IPLKWUCGDKYXQ3BYPPKPA,951
AGPV5HNR6FT7NS2WMURJXRN2PFTQ,952
AGPXKHOWRYHJTSS2RHGSOCIYE6BA,953
AGPZBCBJYLRQ3COICCX5ULNZDCFQ,954
AGQ2K3RBZM6WJJSONDVII2IYX46Q,955
AGQ3AGHA3TBPHFDO2RFBPNEDJZUQ,956
AGQ4I25EQV2YZ6M4SS37LNCDFQSA,957
AGQ5ERLI2VUZVYLQV5WYJ5TLGVYA,958
AGQEY7UM4FQ43SKQ4RAJL45BVKZQ,959
AGQIUTI7M4XUGCRV6E66FAOCX5PQ,960
AGQJOKPAWXSHYGWF4ZFGICW3EIAQ,961
AGQL26ZMPHVDHVZR5WXZP6OYIGSA,962
AGQND7UPVU2ACM5WBK4323O4PNYQ,963
AGQR6BIQGEOLIN56SJGPIT5F726Q,964
AGQT2IMVKFVEIOXXZRH7DFNPCNQA,965
AGQTZRXBB42KNSIVAPT6MTYFWLPA,966
AGQWGNFFFPE4NBB7XVHQEOAWZHMA,967
AGQZSC7MSQQWYTHXGX4VQUCLHKIQ,968
AGR5MF3AYRXHRGU6MPZ2SJWD4IWA,969
AGR7SCQQWDTWLLX5IOP6BQUQAVAQ,970
AGRF3CYVY3U2QXL2YGGVFY6PS5TA,971
AGRIJLMGCXDK36QT63CT4AJI4KXA,972
AGRLKMCFNYHXYG6GE4YZBHODNALQ,973
AGRQDIN6FL5PPBLAQCG6CVCTZXUQ,974
AGRQWTJRILSV32EEITXWN4X4GPKA,975
AGRXNU3LEOWUPZ2GBFHXOFK5KU3Q,976
AGS24HC6LVAWEZOMQQ4WNNHKKHGQ,977
AGS2OEWAQT3VA4W6KSAMAO2RZMZA,978
AGS2VYIYVVQ3HS62RX5O7CGHEX2Q,979
AGS3XA76BVPORI2WMOOFMGU4Z6RA,980
AGS4E3RLYCN6MN7TNR54XOHFVIBA,981
AGS4RR3Y2APIC57ZNRS2MZGMNMDQ,982
AGSAMSXQDMJVRBWXUZFTCQE2SCGA,983
AGSGN4RO7GH5OD4CHBF7WM34CZIA,984
AGSM75HHGVYI263VKMFQMK6GJQ7A,985
AGSMZRCB7UOITNYLCTLM4UJROHRQ,986
AGSPKWGGNREMPYVLCK4M4XZYTOOQ,987
AGSTGAB774GGUQ3W275IWBR3CKXQ,988
AGSVP2IDF32GZHWIGPYTGQJBOUKA,989
AGSWJFIAI3TXHQW347WU4RHZG7DQ,990
AGSWTKTTPGI3BGB4W7M7LIOUJL3Q,991
AGT2H24SKPP2WKTJSZQVUKDUTYGQ,992
AGT6LCJJMTZZZLXDAKLRNCM5BIKQ,993
AGTA4YQV4VWUNI5MFRMTLXSAFN2Q,994
AGTCBC46TNK2OP72S4W5MAFOWZEQ,995
AGTD7HEVHMFHAMLTIU4OS7BEFZAQ,996
AGTEJAQBKP7QN2JVE6VQASSK7L7Q,997
AGTHCG4NELYQSLQC7AUYHHTNLL7Q,998
AGTQUOGHPQETTGUC22DG34YQR5RQ,999
AGTW4FIVC73ER6Q34SMKLJVLFQRA,1000
AGTYV5LRMU6GFKGC6RPCCB5KDQ7Q,1001
AGU2MKAY5HNOOFUZIJ2USQYOMY4Q,1002
AGU2SPEKESKBFEQOZM3FPEHKNRLA,1003
AGU3SO5MQ2ELSWCW2EG436SUH7PA,1004
AGU4IFYE33PO5TVRDR4E6DIYHIEA,1005
